--
-- PostgreSQL database dump
--

-- Dumped from database version 15.5 (Debian 15.5-1.pgdg120+1)
-- Dumped by pg_dump version 15.3

-- Started on 2024-02-19 17:33:00

SET statement_timeout = 0;
SET lock_timeout = 0;
SET idle_in_transaction_session_timeout = 0;
SET client_encoding = 'UTF8';
SET standard_conforming_strings = on;
SELECT pg_catalog.set_config('search_path', '', false);
SET check_function_bodies = false;
SET xmloption = content;
SET client_min_messages = warning;
SET row_security = off;

--
-- TOC entry 4 (class 2615 OID 2200)
-- Name: public; Type: SCHEMA; Schema: -; Owner: pg_database_owner
--

CREATE SCHEMA public;


ALTER SCHEMA public OWNER TO pg_database_owner;

--
-- TOC entry 3402 (class 0 OID 0)
-- Dependencies: 4
-- Name: SCHEMA public; Type: COMMENT; Schema: -; Owner: pg_database_owner
--

COMMENT ON SCHEMA public IS 'standard public schema';


SET default_tablespace = '';

SET default_table_access_method = heap;

--
-- TOC entry 214 (class 1259 OID 16389)
-- Name: alembic_version; Type: TABLE; Schema: public; Owner: postgres
--

CREATE TABLE public.alembic_version (
    version_num character varying(32) NOT NULL
);


ALTER TABLE public.alembic_version OWNER TO postgres;

--
-- TOC entry 224 (class 1259 OID 24616)
-- Name: grades; Type: TABLE; Schema: public; Owner: postgres
--

CREATE TABLE public.grades (
    id integer NOT NULL,
    grade integer NOT NULL,
    grade_date date,
    student_id integer NOT NULL,
    subject_id integer NOT NULL
);


ALTER TABLE public.grades OWNER TO postgres;

--
-- TOC entry 223 (class 1259 OID 24615)
-- Name: grades_id_seq; Type: SEQUENCE; Schema: public; Owner: postgres
--

CREATE SEQUENCE public.grades_id_seq
    AS integer
    START WITH 1
    INCREMENT BY 1
    NO MINVALUE
    NO MAXVALUE
    CACHE 1;


ALTER TABLE public.grades_id_seq OWNER TO postgres;

--
-- TOC entry 3403 (class 0 OID 0)
-- Dependencies: 223
-- Name: grades_id_seq; Type: SEQUENCE OWNED BY; Schema: public; Owner: postgres
--

ALTER SEQUENCE public.grades_id_seq OWNED BY public.grades.id;


--
-- TOC entry 216 (class 1259 OID 24578)
-- Name: groups; Type: TABLE; Schema: public; Owner: postgres
--

CREATE TABLE public.groups (
    id integer NOT NULL,
    name character varying(70) NOT NULL
);


ALTER TABLE public.groups OWNER TO postgres;

--
-- TOC entry 215 (class 1259 OID 24577)
-- Name: groups_id_seq; Type: SEQUENCE; Schema: public; Owner: postgres
--

CREATE SEQUENCE public.groups_id_seq
    AS integer
    START WITH 1
    INCREMENT BY 1
    NO MINVALUE
    NO MAXVALUE
    CACHE 1;


ALTER TABLE public.groups_id_seq OWNER TO postgres;

--
-- TOC entry 3404 (class 0 OID 0)
-- Dependencies: 215
-- Name: groups_id_seq; Type: SEQUENCE OWNED BY; Schema: public; Owner: postgres
--

ALTER SEQUENCE public.groups_id_seq OWNED BY public.groups.id;


--
-- TOC entry 220 (class 1259 OID 24592)
-- Name: students; Type: TABLE; Schema: public; Owner: postgres
--

CREATE TABLE public.students (
    id integer NOT NULL,
    fullname character varying(70) NOT NULL,
    group_id integer NOT NULL
);


ALTER TABLE public.students OWNER TO postgres;

--
-- TOC entry 219 (class 1259 OID 24591)
-- Name: students_id_seq; Type: SEQUENCE; Schema: public; Owner: postgres
--

CREATE SEQUENCE public.students_id_seq
    AS integer
    START WITH 1
    INCREMENT BY 1
    NO MINVALUE
    NO MAXVALUE
    CACHE 1;


ALTER TABLE public.students_id_seq OWNER TO postgres;

--
-- TOC entry 3405 (class 0 OID 0)
-- Dependencies: 219
-- Name: students_id_seq; Type: SEQUENCE OWNED BY; Schema: public; Owner: postgres
--

ALTER SEQUENCE public.students_id_seq OWNED BY public.students.id;


--
-- TOC entry 222 (class 1259 OID 24604)
-- Name: subjects; Type: TABLE; Schema: public; Owner: postgres
--

CREATE TABLE public.subjects (
    id integer NOT NULL,
    name character varying(100) NOT NULL,
    teacher_id integer NOT NULL
);


ALTER TABLE public.subjects OWNER TO postgres;

--
-- TOC entry 221 (class 1259 OID 24603)
-- Name: subjects_id_seq; Type: SEQUENCE; Schema: public; Owner: postgres
--

CREATE SEQUENCE public.subjects_id_seq
    AS integer
    START WITH 1
    INCREMENT BY 1
    NO MINVALUE
    NO MAXVALUE
    CACHE 1;


ALTER TABLE public.subjects_id_seq OWNER TO postgres;

--
-- TOC entry 3406 (class 0 OID 0)
-- Dependencies: 221
-- Name: subjects_id_seq; Type: SEQUENCE OWNED BY; Schema: public; Owner: postgres
--

ALTER SEQUENCE public.subjects_id_seq OWNED BY public.subjects.id;


--
-- TOC entry 218 (class 1259 OID 24585)
-- Name: teachers; Type: TABLE; Schema: public; Owner: postgres
--

CREATE TABLE public.teachers (
    id integer NOT NULL,
    fullname character varying(70) NOT NULL
);


ALTER TABLE public.teachers OWNER TO postgres;

--
-- TOC entry 217 (class 1259 OID 24584)
-- Name: teachers_id_seq; Type: SEQUENCE; Schema: public; Owner: postgres
--

CREATE SEQUENCE public.teachers_id_seq
    AS integer
    START WITH 1
    INCREMENT BY 1
    NO MINVALUE
    NO MAXVALUE
    CACHE 1;


ALTER TABLE public.teachers_id_seq OWNER TO postgres;

--
-- TOC entry 3407 (class 0 OID 0)
-- Dependencies: 217
-- Name: teachers_id_seq; Type: SEQUENCE OWNED BY; Schema: public; Owner: postgres
--

ALTER SEQUENCE public.teachers_id_seq OWNED BY public.teachers.id;


--
-- TOC entry 3227 (class 2604 OID 24619)
-- Name: grades id; Type: DEFAULT; Schema: public; Owner: postgres
--

ALTER TABLE ONLY public.grades ALTER COLUMN id SET DEFAULT nextval('public.grades_id_seq'::regclass);


--
-- TOC entry 3223 (class 2604 OID 24581)
-- Name: groups id; Type: DEFAULT; Schema: public; Owner: postgres
--

ALTER TABLE ONLY public.groups ALTER COLUMN id SET DEFAULT nextval('public.groups_id_seq'::regclass);


--
-- TOC entry 3225 (class 2604 OID 24595)
-- Name: students id; Type: DEFAULT; Schema: public; Owner: postgres
--

ALTER TABLE ONLY public.students ALTER COLUMN id SET DEFAULT nextval('public.students_id_seq'::regclass);


--
-- TOC entry 3226 (class 2604 OID 24607)
-- Name: subjects id; Type: DEFAULT; Schema: public; Owner: postgres
--

ALTER TABLE ONLY public.subjects ALTER COLUMN id SET DEFAULT nextval('public.subjects_id_seq'::regclass);


--
-- TOC entry 3224 (class 2604 OID 24636)
-- Name: teachers id; Type: DEFAULT; Schema: public; Owner: postgres
--

ALTER TABLE ONLY public.teachers ALTER COLUMN id SET DEFAULT nextval('public.teachers_id_seq'::regclass);


--
-- TOC entry 3386 (class 0 OID 16389)
-- Dependencies: 214
-- Data for Name: alembic_version; Type: TABLE DATA; Schema: public; Owner: postgres
--

COPY public.alembic_version (version_num) FROM stdin;
08ac8265a506
\.


--
-- TOC entry 3396 (class 0 OID 24616)
-- Dependencies: 224
-- Data for Name: grades; Type: TABLE DATA; Schema: public; Owner: postgres
--

COPY public.grades (id, grade, grade_date, student_id, subject_id) FROM stdin;
1	89	2023-08-26	1	1
2	100	2023-05-01	1	1
3	62	2023-02-02	1	1
4	98	2023-08-21	1	2
5	61	2023-09-02	1	2
6	91	2023-05-09	1	2
7	83	2023-12-27	1	3
8	91	2023-08-17	1	3
9	94	2023-02-21	1	3
10	95	2023-05-15	1	4
11	88	2023-11-14	1	4
12	95	2023-01-07	1	4
13	98	2023-12-01	1	5
14	87	2023-10-03	1	5
15	85	2023-09-19	1	5
16	90	2023-05-09	1	6
17	86	2023-06-25	1	6
18	71	2023-09-01	1	6
19	68	2023-11-07	1	7
20	87	2023-02-20	1	7
21	88	2023-09-18	1	7
22	61	2023-02-01	1	8
23	85	2023-11-23	1	8
24	87	2023-01-26	1	8
25	73	2023-03-12	2	1
26	79	2023-12-07	2	1
27	85	2023-09-08	2	1
28	84	2023-04-01	2	2
29	85	2023-03-23	2	2
30	78	2023-03-11	2	2
31	87	2023-06-19	2	3
32	80	2023-11-04	2	3
33	68	2023-09-09	2	3
34	78	2023-04-12	2	4
35	89	2023-06-01	2	4
36	85	2023-08-15	2	4
37	93	2023-08-12	2	5
38	96	2023-09-07	2	5
39	73	2023-12-03	2	5
40	70	2023-10-15	2	6
41	60	2023-09-01	2	6
42	64	2023-10-11	2	6
43	65	2023-10-21	2	7
44	60	2023-10-03	2	7
45	86	2023-09-11	2	7
46	66	2023-11-09	2	8
47	85	2023-05-13	2	8
48	71	2023-02-06	2	8
49	72	2023-03-19	3	1
50	98	2023-11-15	3	1
51	94	2023-09-27	3	1
52	72	2023-03-06	3	2
53	87	2023-11-04	3	2
54	89	2023-06-04	3	2
55	71	2023-07-23	3	3
56	95	2023-10-27	3	3
57	70	2023-11-12	3	3
58	74	2023-09-17	3	4
59	70	2023-02-25	3	4
60	62	2023-03-18	3	4
61	88	2023-04-05	3	5
62	78	2023-03-01	3	5
63	89	2023-09-20	3	5
64	91	2023-04-11	3	6
65	91	2023-10-20	3	6
66	86	2023-12-14	3	6
67	80	2023-05-17	3	7
68	100	2023-02-08	3	7
69	65	2023-05-24	3	7
70	77	2023-01-22	3	8
71	88	2023-08-26	3	8
72	68	2023-10-01	3	8
73	80	2023-02-14	4	1
74	60	2023-10-14	4	1
75	67	2023-02-14	4	1
76	60	2023-04-03	4	2
77	84	2023-12-17	4	2
78	66	2023-04-19	4	2
79	94	2023-04-24	4	3
80	98	2023-08-14	4	3
81	77	2023-08-14	4	3
82	83	2023-12-25	4	4
83	90	2023-10-23	4	4
84	92	2023-03-06	4	4
85	96	2023-10-23	4	5
86	89	2023-05-02	4	5
87	61	2023-07-18	4	5
88	71	2023-07-18	4	6
89	90	2023-10-27	4	6
90	100	2023-06-03	4	6
91	74	2023-11-21	4	7
92	71	2023-09-20	4	7
93	76	2023-09-02	4	7
94	99	2023-01-16	4	8
95	87	2023-10-17	4	8
96	87	2023-05-22	4	8
97	86	2023-10-12	5	1
98	83	2023-03-23	5	1
99	83	2023-08-05	5	1
100	95	2023-11-23	5	2
101	73	2023-09-19	5	2
102	83	2023-09-03	5	2
103	67	2023-08-26	5	3
104	70	2023-08-03	5	3
105	61	2023-11-23	5	3
106	82	2023-05-10	5	4
107	94	2023-01-20	5	4
108	74	2023-03-08	5	4
109	90	2023-01-27	5	5
110	86	2023-12-09	5	5
111	67	2023-06-07	5	5
112	61	2023-07-02	5	6
113	60	2023-04-27	5	6
114	94	2023-01-22	5	6
115	64	2023-05-13	5	7
116	68	2023-06-14	5	7
117	80	2023-01-25	5	7
118	99	2023-10-23	5	8
119	72	2023-02-11	5	8
120	64	2023-04-10	5	8
121	87	2023-04-08	6	1
122	94	2023-01-14	6	1
123	79	2023-01-07	6	1
124	98	2023-06-13	6	2
125	64	2023-03-14	6	2
126	81	2023-12-19	6	2
127	87	2023-04-17	6	3
128	74	2023-08-12	6	3
129	63	2023-06-15	6	3
130	68	2023-06-24	6	4
131	69	2023-09-10	6	4
132	66	2023-12-08	6	4
133	71	2023-07-11	6	5
134	87	2023-01-10	6	5
135	61	2023-08-20	6	5
136	99	2023-07-21	6	6
137	83	2023-08-06	6	6
138	79	2023-01-16	6	6
139	68	2023-10-25	6	7
140	80	2023-08-14	6	7
141	81	2023-01-25	6	7
142	97	2023-05-21	6	8
143	97	2023-08-09	6	8
144	88	2023-06-01	6	8
145	98	2023-06-19	7	1
146	78	2023-06-26	7	1
147	75	2023-07-11	7	1
148	67	2023-02-17	7	2
149	70	2023-02-23	7	2
150	81	2023-04-15	7	2
151	66	2023-09-25	7	3
152	60	2023-02-22	7	3
153	86	2023-11-03	7	3
154	91	2023-08-16	7	4
155	82	2023-02-26	7	4
156	94	2023-05-02	7	4
157	96	2023-10-04	7	5
158	81	2023-04-18	7	5
159	65	2023-01-27	7	5
160	83	2023-05-15	7	6
161	82	2023-07-07	7	6
162	89	2023-10-17	7	6
163	86	2023-01-15	7	7
164	95	2023-05-11	7	7
165	97	2023-12-21	7	7
166	62	2023-01-17	7	8
167	76	2023-03-20	7	8
168	87	2023-03-09	7	8
169	61	2023-05-12	8	1
170	80	2023-03-07	8	1
171	79	2023-11-17	8	1
172	71	2023-09-20	8	2
173	64	2023-06-05	8	2
174	95	2023-09-17	8	2
175	97	2023-09-27	8	3
176	100	2023-04-19	8	3
177	85	2023-03-18	8	3
178	91	2023-06-03	8	4
179	93	2023-07-01	8	4
180	100	2023-02-18	8	4
181	68	2023-02-23	8	5
182	95	2023-05-17	8	5
183	64	2023-01-25	8	5
184	74	2023-12-05	8	6
185	93	2023-09-22	8	6
186	81	2023-03-26	8	6
187	81	2023-02-07	8	7
188	84	2023-06-17	8	7
189	91	2023-03-26	8	7
190	68	2023-12-26	8	8
191	91	2023-03-10	8	8
192	86	2023-12-09	8	8
193	95	2023-12-24	9	1
194	73	2023-12-23	9	1
195	77	2023-01-14	9	1
196	74	2023-11-04	9	2
197	84	2023-12-21	9	2
198	88	2023-11-19	9	2
199	100	2023-04-12	9	3
200	95	2023-02-11	9	3
201	66	2023-10-14	9	3
202	96	2023-01-05	9	4
203	67	2023-04-02	9	4
204	92	2023-04-23	9	4
205	82	2023-10-24	9	5
206	75	2023-03-19	9	5
207	79	2023-05-13	9	5
208	92	2023-07-03	9	6
209	99	2023-08-21	9	6
210	100	2023-08-03	9	6
211	83	2023-06-03	9	7
212	87	2023-03-17	9	7
213	85	2023-05-06	9	7
214	100	2023-07-22	9	8
215	82	2023-11-23	9	8
216	89	2023-05-18	9	8
217	93	2023-08-22	10	1
218	73	2023-02-06	10	1
219	69	2023-12-18	10	1
220	98	2023-02-12	10	2
221	97	2023-10-10	10	2
222	63	2023-05-15	10	2
223	73	2023-10-10	10	3
224	77	2023-09-13	10	3
225	73	2023-12-09	10	3
226	60	2023-01-01	10	4
227	97	2023-05-17	10	4
228	94	2023-07-06	10	4
229	63	2023-12-08	10	5
230	67	2023-11-11	10	5
231	61	2023-01-23	10	5
232	72	2023-04-11	10	6
233	100	2023-04-24	10	6
234	85	2023-04-27	10	6
235	91	2023-05-02	10	7
236	77	2023-10-26	10	7
237	89	2023-01-21	10	7
238	62	2023-08-12	10	8
239	93	2023-06-08	10	8
240	89	2023-07-05	10	8
241	95	2023-08-13	11	1
242	83	2023-01-07	11	1
243	98	2023-08-09	11	1
244	94	2023-03-16	11	2
245	72	2023-05-01	11	2
246	92	2023-11-03	11	2
247	67	2023-04-03	11	3
248	88	2023-04-05	11	3
249	93	2023-09-17	11	3
250	91	2023-02-21	11	4
251	87	2023-05-11	11	4
252	82	2023-12-21	11	4
253	60	2023-01-18	11	5
254	72	2023-06-21	11	5
255	73	2023-01-07	11	5
256	71	2023-04-14	11	6
257	63	2023-01-13	11	6
258	88	2023-02-01	11	6
259	77	2023-01-07	11	7
260	69	2023-11-09	11	7
261	85	2023-09-24	11	7
262	85	2023-01-10	11	8
263	75	2023-06-09	11	8
264	63	2023-02-21	11	8
265	66	2023-06-05	12	1
266	77	2023-03-23	12	1
267	62	2023-01-15	12	1
268	81	2023-12-17	12	2
269	68	2023-03-06	12	2
270	90	2023-07-22	12	2
271	99	2023-09-14	12	3
272	94	2023-02-17	12	3
273	72	2023-10-04	12	3
274	100	2023-01-04	12	4
275	71	2023-02-22	12	4
276	76	2023-02-09	12	4
277	69	2023-08-27	12	5
278	94	2023-12-25	12	5
279	62	2023-07-01	12	5
280	98	2023-01-20	12	6
281	97	2023-11-16	12	6
282	70	2023-02-21	12	6
283	65	2023-03-24	12	7
284	70	2023-06-21	12	7
285	85	2023-04-27	12	7
286	95	2023-02-17	12	8
287	62	2023-10-14	12	8
288	91	2023-04-04	12	8
289	60	2023-04-19	13	1
290	76	2023-11-04	13	1
291	63	2023-02-04	13	1
292	83	2023-10-17	13	2
293	71	2023-07-16	13	2
294	86	2023-11-21	13	2
295	96	2023-01-01	13	3
296	66	2023-08-11	13	3
297	97	2023-09-11	13	3
298	71	2023-11-17	13	4
299	83	2023-01-12	13	4
300	75	2023-08-20	13	4
301	73	2023-06-14	13	5
302	69	2023-07-13	13	5
303	68	2023-08-15	13	5
304	76	2023-04-06	13	6
305	97	2023-12-08	13	6
306	73	2023-03-08	13	6
307	90	2023-09-24	13	7
308	90	2023-07-20	13	7
309	64	2023-09-13	13	7
310	100	2023-01-04	13	8
311	61	2023-06-14	13	8
312	98	2023-08-16	13	8
313	68	2023-09-11	14	1
314	86	2023-06-27	14	1
315	93	2023-05-11	14	1
316	80	2023-01-11	14	2
317	97	2023-02-18	14	2
318	87	2023-05-25	14	2
319	69	2023-09-16	14	3
320	63	2023-04-27	14	3
321	73	2023-03-26	14	3
322	70	2023-10-02	14	4
323	74	2023-02-08	14	4
324	62	2023-12-15	14	4
325	66	2023-06-10	14	5
326	63	2023-01-15	14	5
327	90	2023-05-22	14	5
328	88	2023-02-26	14	6
329	93	2023-05-13	14	6
330	72	2023-02-03	14	6
331	83	2023-09-24	14	7
332	77	2023-05-12	14	7
333	92	2023-04-20	14	7
334	100	2023-05-16	14	8
335	85	2023-02-23	14	8
336	73	2023-03-03	14	8
337	81	2023-06-18	15	1
338	65	2023-04-19	15	1
339	92	2023-12-01	15	1
340	69	2023-06-27	15	2
341	62	2023-11-25	15	2
342	78	2023-07-20	15	2
343	64	2023-08-13	15	3
344	69	2023-03-27	15	3
345	98	2023-04-21	15	3
346	83	2023-05-23	15	4
347	97	2023-09-17	15	4
348	80	2023-07-21	15	4
349	60	2023-02-01	15	5
350	82	2023-07-11	15	5
351	85	2023-10-25	15	5
352	78	2023-06-03	15	6
353	72	2023-09-11	15	6
354	100	2023-07-25	15	6
355	82	2023-03-08	15	7
356	84	2023-11-26	15	7
357	65	2023-08-10	15	7
358	78	2023-04-26	15	8
359	96	2023-06-07	15	8
360	89	2023-02-04	15	8
361	74	2023-05-05	16	1
362	81	2023-06-18	16	1
363	95	2023-01-09	16	1
364	89	2023-03-03	16	2
365	61	2023-01-05	16	2
366	72	2023-04-01	16	2
367	91	2023-08-18	16	3
368	92	2023-12-16	16	3
369	66	2023-11-20	16	3
370	62	2023-02-02	16	4
371	87	2023-12-01	16	4
372	71	2023-09-16	16	4
373	100	2023-12-05	16	5
374	71	2023-06-15	16	5
375	70	2023-03-02	16	5
376	62	2023-11-18	16	6
377	92	2023-10-12	16	6
378	77	2023-08-22	16	6
379	77	2023-04-16	16	7
380	72	2023-11-05	16	7
381	76	2023-01-20	16	7
382	100	2023-04-16	16	8
383	100	2023-08-22	16	8
384	80	2023-08-01	16	8
385	97	2023-11-23	17	1
386	82	2023-06-23	17	1
387	75	2023-12-17	17	1
388	89	2023-11-03	17	2
389	74	2023-09-25	17	2
390	96	2023-06-03	17	2
391	60	2023-04-25	17	3
392	82	2023-05-13	17	3
393	60	2023-04-11	17	3
394	65	2023-07-09	17	4
395	92	2023-06-05	17	4
396	88	2023-04-25	17	4
397	96	2023-09-01	17	5
398	63	2023-06-04	17	5
399	69	2023-06-20	17	5
400	64	2023-12-27	17	6
401	72	2023-08-22	17	6
402	76	2023-01-10	17	6
403	99	2023-12-10	17	7
404	66	2023-11-02	17	7
405	73	2023-12-18	17	7
406	97	2023-10-27	17	8
407	71	2023-06-13	17	8
408	92	2023-05-21	17	8
409	92	2023-09-10	18	1
410	93	2023-03-26	18	1
411	71	2023-10-17	18	1
412	85	2023-12-16	18	2
413	79	2023-12-22	18	2
414	86	2023-02-05	18	2
415	74	2023-04-19	18	3
416	62	2023-12-21	18	3
417	67	2023-12-22	18	3
418	92	2023-05-06	18	4
419	60	2023-04-05	18	4
420	78	2023-10-17	18	4
421	78	2023-08-22	18	5
422	80	2023-02-14	18	5
423	82	2023-02-11	18	5
424	66	2023-11-10	18	6
425	64	2023-05-04	18	6
426	85	2023-01-07	18	6
427	79	2023-05-22	18	7
428	73	2023-04-14	18	7
429	88	2023-03-19	18	7
430	66	2023-08-18	18	8
431	62	2023-05-07	18	8
432	68	2023-02-03	18	8
433	92	2023-09-19	19	1
434	66	2023-03-11	19	1
435	100	2023-12-20	19	1
436	89	2023-04-24	19	2
437	87	2023-04-20	19	2
438	80	2023-01-17	19	2
439	95	2023-01-19	19	3
440	72	2023-11-27	19	3
441	92	2023-06-17	19	3
442	81	2023-11-27	19	4
443	85	2023-11-23	19	4
444	90	2023-08-10	19	4
445	85	2023-01-18	19	5
446	77	2023-04-05	19	5
447	63	2023-03-11	19	5
448	69	2023-11-24	19	6
449	79	2023-03-12	19	6
450	66	2023-04-16	19	6
451	90	2023-07-12	19	7
452	94	2023-03-06	19	7
453	79	2023-04-06	19	7
454	74	2023-10-27	19	8
455	68	2023-02-27	19	8
456	87	2023-09-03	19	8
457	74	2023-11-10	20	1
458	97	2023-03-06	20	1
459	99	2023-06-19	20	1
460	65	2023-03-13	20	2
461	91	2023-12-21	20	2
462	62	2023-12-13	20	2
463	74	2023-06-27	20	3
464	82	2023-04-19	20	3
465	71	2023-12-23	20	3
466	65	2023-11-07	20	4
467	78	2023-02-09	20	4
468	93	2023-05-23	20	4
469	93	2023-05-08	20	5
470	79	2023-12-19	20	5
471	67	2023-01-07	20	5
472	88	2023-05-08	20	6
473	71	2023-12-27	20	6
474	92	2023-12-11	20	6
475	87	2023-08-22	20	7
476	100	2023-08-23	20	7
477	69	2023-01-17	20	7
478	98	2023-09-21	20	8
479	60	2023-11-12	20	8
480	62	2023-01-03	20	8
481	63	2023-06-27	21	1
482	61	2023-08-24	21	1
483	81	2023-04-05	21	1
484	98	2023-12-13	21	2
485	76	2023-02-06	21	2
486	88	2023-11-25	21	2
487	95	2023-02-21	21	3
488	100	2023-04-08	21	3
489	65	2023-02-10	21	3
490	74	2023-02-12	21	4
491	66	2023-08-17	21	4
492	84	2023-12-27	21	4
493	78	2023-12-10	21	5
494	69	2023-11-22	21	5
495	99	2023-11-26	21	5
496	88	2023-06-12	21	6
497	86	2023-11-23	21	6
498	65	2023-04-24	21	6
499	62	2023-09-20	21	7
500	99	2023-07-10	21	7
501	95	2023-12-22	21	7
502	73	2023-12-19	21	8
503	61	2023-09-10	21	8
504	91	2023-11-04	21	8
505	98	2023-07-03	22	1
506	75	2023-03-14	22	1
507	92	2023-04-22	22	1
508	63	2023-06-02	22	2
509	79	2023-03-25	22	2
510	82	2023-09-09	22	2
511	93	2023-09-10	22	3
512	90	2023-08-20	22	3
513	99	2023-09-23	22	3
514	69	2023-12-13	22	4
515	100	2023-11-11	22	4
516	72	2023-05-11	22	4
517	99	2023-01-12	22	5
518	96	2023-02-05	22	5
519	76	2023-12-05	22	5
520	95	2023-05-07	22	6
521	86	2023-09-13	22	6
522	98	2023-03-11	22	6
523	68	2023-07-03	22	7
524	62	2023-01-05	22	7
525	73	2023-06-04	22	7
526	69	2023-01-01	22	8
527	94	2023-07-08	22	8
528	62	2023-02-14	22	8
529	61	2023-07-23	23	1
530	75	2023-07-11	23	1
531	91	2023-11-23	23	1
532	75	2023-08-08	23	2
533	98	2023-06-19	23	2
534	82	2023-08-04	23	2
535	81	2023-05-12	23	3
536	95	2023-01-08	23	3
537	73	2023-03-13	23	3
538	76	2023-08-08	23	4
539	99	2023-11-27	23	4
540	66	2023-03-27	23	4
541	93	2023-03-13	23	5
542	82	2023-09-06	23	5
543	71	2023-01-20	23	5
544	92	2023-06-17	23	6
545	85	2023-10-14	23	6
546	97	2023-10-21	23	6
547	63	2023-11-24	23	7
548	68	2023-09-02	23	7
549	93	2023-03-07	23	7
550	63	2023-01-18	23	8
551	83	2023-05-05	23	8
552	62	2023-06-02	23	8
553	86	2023-03-23	24	1
554	90	2023-08-10	24	1
555	61	2023-10-06	24	1
556	65	2023-07-22	24	2
557	70	2023-07-04	24	2
558	93	2023-10-10	24	2
559	91	2023-06-04	24	3
560	71	2023-05-02	24	3
561	90	2023-11-13	24	3
562	63	2023-08-08	24	4
563	90	2023-03-21	24	4
564	87	2023-11-01	24	4
565	68	2023-12-15	24	5
566	70	2023-04-26	24	5
567	88	2023-05-03	24	5
568	67	2023-07-15	24	6
569	82	2023-03-14	24	6
570	71	2023-03-12	24	6
571	68	2023-05-19	24	7
572	94	2023-10-12	24	7
573	63	2023-11-02	24	7
574	80	2023-08-05	24	8
575	94	2023-03-17	24	8
576	77	2023-10-05	24	8
577	71	2023-03-22	25	1
578	85	2023-09-07	25	1
579	60	2023-04-20	25	1
580	77	2023-05-07	25	2
581	95	2023-09-23	25	2
582	81	2023-06-02	25	2
583	91	2023-09-20	25	3
584	97	2023-01-08	25	3
585	80	2023-08-20	25	3
586	100	2023-12-26	25	4
587	96	2023-07-09	25	4
588	82	2023-04-15	25	4
589	82	2023-09-05	25	5
590	98	2023-07-19	25	5
591	74	2023-04-07	25	5
592	72	2023-03-26	25	6
593	96	2023-06-25	25	6
594	70	2023-07-26	25	6
595	92	2023-12-26	25	7
596	73	2023-06-25	25	7
597	83	2023-02-08	25	7
598	88	2023-04-14	25	8
599	90	2023-03-19	25	8
600	93	2023-04-21	25	8
601	91	2023-07-18	26	1
602	80	2023-08-19	26	1
603	87	2023-03-23	26	1
604	64	2023-01-15	26	2
605	89	2023-02-02	26	2
606	60	2023-05-17	26	2
607	86	2023-03-14	26	3
608	81	2023-05-20	26	3
609	78	2023-03-04	26	3
610	94	2023-11-13	26	4
611	91	2023-01-10	26	4
612	75	2023-08-01	26	4
613	64	2023-04-17	26	5
614	88	2023-11-06	26	5
615	64	2023-04-10	26	5
616	89	2023-06-07	26	6
617	65	2023-12-14	26	6
618	61	2023-08-04	26	6
619	77	2023-09-24	26	7
620	60	2023-12-01	26	7
621	77	2023-08-17	26	7
622	75	2023-06-18	26	8
623	77	2023-10-20	26	8
624	75	2023-01-05	26	8
625	97	2023-04-23	27	1
626	99	2023-11-22	27	1
627	65	2023-04-14	27	1
628	63	2023-05-10	27	2
629	68	2023-03-06	27	2
630	73	2023-03-23	27	2
631	73	2023-07-13	27	3
632	67	2023-05-25	27	3
633	76	2023-05-20	27	3
634	81	2023-07-08	27	4
635	72	2023-01-09	27	4
636	83	2023-04-08	27	4
637	61	2023-01-22	27	5
638	63	2023-02-22	27	5
639	88	2023-04-08	27	5
640	93	2023-12-12	27	6
641	85	2023-01-06	27	6
642	73	2023-09-04	27	6
643	91	2023-12-13	27	7
644	82	2023-03-25	27	7
645	98	2023-07-19	27	7
646	62	2023-11-09	27	8
647	93	2023-10-09	27	8
648	74	2023-08-09	27	8
649	69	2023-03-07	28	1
650	93	2023-05-08	28	1
651	74	2023-10-17	28	1
652	81	2023-01-14	28	2
653	80	2023-07-17	28	2
654	70	2023-07-20	28	2
655	66	2023-10-05	28	3
656	74	2023-08-05	28	3
657	85	2023-04-23	28	3
658	86	2023-08-25	28	4
659	83	2023-07-09	28	4
660	80	2023-09-14	28	4
661	81	2023-09-07	28	5
662	78	2023-02-04	28	5
663	69	2023-06-17	28	5
664	67	2023-04-06	28	6
665	65	2023-02-05	28	6
666	71	2023-06-12	28	6
667	60	2023-09-27	28	7
668	92	2023-06-13	28	7
669	98	2023-02-22	28	7
670	79	2023-12-07	28	8
671	88	2023-05-02	28	8
672	71	2023-02-17	28	8
673	99	2023-09-21	29	1
674	62	2023-10-16	29	1
675	98	2023-08-22	29	1
676	65	2023-09-14	29	2
677	64	2023-05-17	29	2
678	91	2023-10-23	29	2
679	77	2023-12-05	29	3
680	89	2023-07-20	29	3
681	65	2023-08-14	29	3
682	90	2023-02-05	29	4
683	66	2023-03-11	29	4
684	67	2023-08-24	29	4
685	88	2023-01-17	29	5
686	90	2023-09-20	29	5
687	89	2023-10-03	29	5
688	94	2023-05-18	29	6
689	99	2023-02-01	29	6
690	91	2023-10-22	29	6
691	75	2023-12-04	29	7
692	87	2023-01-17	29	7
693	84	2023-03-17	29	7
694	89	2023-05-15	29	8
695	68	2023-12-11	29	8
696	86	2023-03-23	29	8
697	92	2023-08-08	30	1
698	81	2023-05-08	30	1
699	73	2023-09-05	30	1
700	63	2023-06-01	30	2
701	78	2023-07-04	30	2
702	74	2023-08-16	30	2
703	86	2023-10-14	30	3
704	71	2023-01-18	30	3
705	82	2023-03-14	30	3
706	89	2023-08-03	30	4
707	95	2023-08-11	30	4
708	74	2023-06-01	30	4
709	63	2023-06-17	30	5
710	76	2023-02-18	30	5
711	79	2023-11-22	30	5
712	77	2023-06-02	30	6
713	78	2023-07-03	30	6
714	83	2023-12-22	30	6
715	88	2023-06-26	30	7
716	93	2023-01-07	30	7
717	86	2023-01-12	30	7
718	73	2023-05-08	30	8
719	89	2023-11-25	30	8
720	94	2023-03-13	30	8
721	83	2023-08-09	31	1
722	95	2023-11-06	31	1
723	67	2023-03-05	31	1
724	75	2023-03-21	31	2
725	70	2023-08-12	31	2
726	87	2023-10-27	31	2
727	76	2023-07-10	31	3
728	61	2023-01-16	31	3
729	85	2023-06-12	31	3
730	74	2023-09-17	31	4
731	62	2023-05-21	31	4
732	60	2023-06-14	31	4
733	81	2023-04-18	31	5
734	64	2023-07-24	31	5
735	92	2023-11-16	31	5
736	71	2023-07-17	31	6
737	88	2023-01-11	31	6
738	70	2023-07-03	31	6
739	75	2023-03-17	31	7
740	72	2023-03-26	31	7
741	89	2023-04-05	31	7
742	60	2023-10-01	31	8
743	99	2023-10-07	31	8
744	83	2023-02-09	31	8
745	92	2023-03-03	32	1
746	70	2023-08-09	32	1
747	98	2023-02-11	32	1
748	99	2023-11-05	32	2
749	91	2023-07-12	32	2
750	85	2023-03-15	32	2
751	80	2023-10-13	32	3
752	76	2023-09-04	32	3
753	85	2023-04-26	32	3
754	73	2023-11-01	32	4
755	74	2023-02-20	32	4
756	69	2023-04-10	32	4
757	80	2023-06-24	32	5
758	66	2023-12-03	32	5
759	60	2023-08-15	32	5
760	95	2023-06-27	32	6
761	69	2023-11-02	32	6
762	92	2023-06-25	32	6
763	80	2023-06-03	32	7
764	79	2023-07-27	32	7
765	80	2023-05-24	32	7
766	77	2023-09-07	32	8
767	77	2023-06-22	32	8
768	100	2023-09-13	32	8
769	98	2023-06-09	33	1
770	64	2023-06-18	33	1
771	78	2023-05-12	33	1
772	93	2023-02-24	33	2
773	75	2023-11-12	33	2
774	77	2023-03-14	33	2
775	84	2023-05-21	33	3
776	67	2023-05-03	33	3
777	98	2023-08-15	33	3
778	71	2023-12-16	33	4
779	73	2023-04-26	33	4
780	96	2023-09-19	33	4
781	74	2023-03-22	33	5
782	73	2023-02-26	33	5
783	92	2023-02-02	33	5
784	75	2023-02-05	33	6
785	82	2023-01-01	33	6
786	98	2023-06-12	33	6
787	77	2023-08-21	33	7
788	60	2023-03-08	33	7
789	92	2023-12-04	33	7
790	68	2023-09-09	33	8
791	70	2023-08-12	33	8
792	73	2023-07-22	33	8
793	80	2023-05-02	34	1
794	99	2023-02-24	34	1
795	65	2023-11-04	34	1
796	73	2023-07-06	34	2
797	77	2023-10-12	34	2
798	93	2023-04-14	34	2
799	65	2023-10-12	34	3
800	76	2023-01-26	34	3
801	69	2023-07-02	34	3
802	65	2023-04-13	34	4
803	80	2023-07-16	34	4
804	95	2023-06-17	34	4
805	79	2023-01-15	34	5
806	69	2023-12-19	34	5
807	82	2023-03-09	34	5
808	94	2023-11-16	34	6
809	64	2023-12-25	34	6
810	96	2023-04-23	34	6
811	97	2023-02-03	34	7
812	91	2023-05-23	34	7
813	84	2023-03-03	34	7
814	72	2023-02-12	34	8
815	87	2023-06-04	34	8
816	92	2023-01-03	34	8
817	60	2023-01-10	35	1
818	86	2023-03-26	35	1
819	100	2023-04-16	35	1
820	71	2023-09-19	35	2
821	62	2023-04-11	35	2
822	82	2023-08-13	35	2
823	69	2023-11-27	35	3
824	73	2023-11-26	35	3
825	74	2023-05-02	35	3
826	68	2023-08-01	35	4
827	68	2023-08-21	35	4
828	82	2023-10-20	35	4
829	100	2023-07-23	35	5
830	83	2023-04-14	35	5
831	77	2023-02-13	35	5
832	64	2023-08-12	35	6
833	83	2023-11-07	35	6
834	96	2023-06-07	35	6
835	98	2023-04-11	35	7
836	85	2023-02-23	35	7
837	99	2023-07-05	35	7
838	73	2023-02-16	35	8
839	83	2023-01-14	35	8
840	69	2023-05-10	35	8
841	79	2023-09-25	36	1
842	72	2023-01-12	36	1
843	72	2023-08-15	36	1
844	96	2023-04-01	36	2
845	88	2023-08-05	36	2
846	90	2023-09-19	36	2
847	62	2023-09-03	36	3
848	77	2023-12-11	36	3
849	64	2023-08-05	36	3
850	87	2023-08-27	36	4
851	79	2023-09-10	36	4
852	91	2023-08-10	36	4
853	74	2023-08-07	36	5
854	100	2023-09-21	36	5
855	75	2023-09-24	36	5
856	66	2023-02-26	36	6
857	62	2023-08-27	36	6
858	62	2023-09-19	36	6
859	85	2023-05-17	36	7
860	94	2023-08-05	36	7
861	87	2023-12-23	36	7
862	86	2023-10-03	36	8
863	94	2023-03-05	36	8
864	70	2023-07-09	36	8
865	75	2023-05-03	37	1
866	67	2023-04-27	37	1
867	75	2023-01-27	37	1
868	95	2023-05-06	37	2
869	92	2023-10-25	37	2
870	81	2023-05-25	37	2
871	85	2023-05-21	37	3
872	81	2023-04-13	37	3
873	87	2023-04-12	37	3
874	85	2023-03-05	37	4
875	98	2023-02-27	37	4
876	60	2023-02-17	37	4
877	94	2023-10-18	37	5
878	64	2023-05-21	37	5
879	71	2023-11-22	37	5
880	91	2023-10-19	37	6
881	69	2023-06-13	37	6
882	78	2023-11-13	37	6
883	79	2023-08-26	37	7
884	63	2023-08-09	37	7
885	89	2023-01-10	37	7
886	66	2023-10-26	37	8
887	68	2023-03-04	37	8
888	68	2023-03-24	37	8
889	74	2023-11-23	38	1
890	94	2023-03-03	38	1
891	66	2023-02-10	38	1
892	92	2023-06-05	38	2
893	96	2023-10-14	38	2
894	94	2023-12-22	38	2
895	99	2023-05-16	38	3
896	79	2023-04-11	38	3
897	98	2023-08-02	38	3
898	64	2023-01-10	38	4
899	96	2023-01-02	38	4
900	95	2023-10-26	38	4
901	91	2023-07-27	38	5
902	99	2023-12-17	38	5
903	93	2023-02-07	38	5
904	74	2023-03-09	38	6
905	100	2023-03-02	38	6
906	77	2023-05-17	38	6
907	73	2023-10-04	38	7
908	97	2023-07-09	38	7
909	65	2023-03-10	38	7
910	85	2023-07-11	38	8
911	87	2023-02-03	38	8
912	74	2023-07-24	38	8
913	97	2023-08-13	39	1
914	78	2023-10-05	39	1
915	94	2023-09-13	39	1
916	76	2023-08-24	39	2
917	91	2023-04-05	39	2
918	90	2023-04-08	39	2
919	61	2023-12-23	39	3
920	89	2023-09-15	39	3
921	75	2023-08-25	39	3
922	66	2023-11-16	39	4
923	74	2023-03-05	39	4
924	68	2023-01-20	39	4
925	92	2023-07-12	39	5
926	60	2023-03-01	39	5
927	61	2023-04-26	39	5
928	71	2023-03-04	39	6
929	65	2023-05-19	39	6
930	85	2023-06-01	39	6
931	95	2023-06-16	39	7
932	95	2023-02-25	39	7
933	73	2023-08-22	39	7
934	81	2023-03-06	39	8
935	62	2023-12-13	39	8
936	66	2023-04-07	39	8
937	92	2023-01-14	40	1
938	79	2023-08-05	40	1
939	92	2023-07-04	40	1
940	80	2023-09-06	40	2
941	92	2023-02-27	40	2
942	81	2023-04-21	40	2
943	84	2023-04-09	40	3
944	77	2023-04-20	40	3
945	81	2023-07-26	40	3
946	64	2023-06-04	40	4
947	63	2023-06-18	40	4
948	81	2023-05-01	40	4
949	70	2023-07-22	40	5
950	87	2023-01-18	40	5
951	87	2023-12-13	40	5
952	92	2023-04-10	40	6
953	92	2023-03-10	40	6
954	63	2023-01-02	40	6
955	69	2023-01-14	40	7
956	61	2023-03-18	40	7
957	66	2023-05-18	40	7
958	95	2023-09-17	40	8
959	79	2023-03-09	40	8
960	64	2023-10-25	40	8
961	75	2023-12-13	41	1
962	81	2023-12-09	41	1
963	99	2023-06-11	41	1
964	60	2023-08-03	41	2
965	66	2023-12-01	41	2
966	60	2023-05-15	41	2
967	98	2023-10-26	41	3
968	91	2023-03-08	41	3
969	94	2023-11-24	41	3
970	72	2023-03-10	41	4
971	96	2023-01-19	41	4
972	71	2023-09-18	41	4
973	70	2023-03-17	41	5
974	64	2023-02-02	41	5
975	96	2023-04-25	41	5
976	85	2023-01-26	41	6
977	99	2023-07-01	41	6
978	85	2023-04-11	41	6
979	66	2023-07-17	41	7
980	80	2023-12-18	41	7
981	87	2023-04-09	41	7
982	82	2023-11-21	41	8
983	65	2023-10-26	41	8
984	84	2023-10-09	41	8
985	100	2023-09-19	42	1
986	74	2023-01-02	42	1
987	62	2023-02-16	42	1
988	75	2023-10-22	42	2
989	98	2023-10-13	42	2
990	95	2023-02-13	42	2
991	73	2023-01-20	42	3
992	72	2023-01-06	42	3
993	75	2023-08-14	42	3
994	91	2023-12-01	42	4
995	90	2023-09-02	42	4
996	74	2023-10-25	42	4
997	66	2023-11-11	42	5
998	80	2023-03-14	42	5
999	100	2023-08-14	42	5
1000	63	2023-05-10	42	6
1001	76	2023-02-16	42	6
1002	77	2023-10-16	42	6
1003	90	2023-01-03	42	7
1004	68	2023-10-21	42	7
1005	84	2023-12-25	42	7
1006	86	2023-06-19	42	8
1007	77	2023-08-24	42	8
1008	71	2023-12-03	42	8
1009	64	2023-11-20	43	1
1010	84	2023-07-15	43	1
1011	96	2023-08-04	43	1
1012	63	2023-10-20	43	2
1013	75	2023-12-16	43	2
1014	97	2023-07-26	43	2
1015	79	2023-06-27	43	3
1016	64	2023-11-21	43	3
1017	90	2023-07-23	43	3
1018	67	2023-01-16	43	4
1019	79	2023-10-12	43	4
1020	80	2023-11-21	43	4
1021	84	2023-01-20	43	5
1022	79	2023-03-15	43	5
1023	79	2023-11-23	43	5
1024	99	2023-02-20	43	6
1025	78	2023-10-14	43	6
1026	89	2023-12-06	43	6
1027	74	2023-05-23	43	7
1028	68	2023-06-19	43	7
1029	61	2023-09-02	43	7
1030	68	2023-04-13	43	8
1031	62	2023-12-19	43	8
1032	70	2023-08-25	43	8
1033	73	2023-08-03	44	1
1034	97	2023-10-24	44	1
1035	95	2023-12-02	44	1
1036	63	2023-10-24	44	2
1037	61	2023-10-22	44	2
1038	76	2023-05-17	44	2
1039	63	2023-10-26	44	3
1040	66	2023-08-17	44	3
1041	96	2023-10-06	44	3
1042	67	2023-11-13	44	4
1043	98	2023-01-20	44	4
1044	70	2023-07-26	44	4
1045	81	2023-05-06	44	5
1046	85	2023-03-02	44	5
1047	65	2023-12-27	44	5
1048	89	2023-01-21	44	6
1049	95	2023-01-16	44	6
1050	66	2023-09-10	44	6
1051	81	2023-06-21	44	7
1052	71	2023-07-16	44	7
1053	67	2023-01-25	44	7
1054	79	2023-08-16	44	8
1055	61	2023-11-21	44	8
1056	68	2023-02-03	44	8
1057	91	2023-03-16	45	1
1058	98	2023-06-23	45	1
1059	88	2023-02-15	45	1
1060	83	2023-08-03	45	2
1061	73	2023-02-22	45	2
1062	76	2023-05-11	45	2
1063	73	2023-10-12	45	3
1064	93	2023-07-05	45	3
1065	86	2023-10-02	45	3
1066	95	2023-09-17	45	4
1067	68	2023-04-17	45	4
1068	94	2023-01-24	45	4
1069	67	2023-02-25	45	5
1070	75	2023-05-21	45	5
1071	76	2023-05-17	45	5
1072	75	2023-01-26	45	6
1073	80	2023-08-11	45	6
1074	66	2023-01-05	45	6
1075	96	2023-08-27	45	7
1076	81	2023-04-12	45	7
1077	61	2023-05-08	45	7
1078	89	2023-09-13	45	8
1079	74	2023-07-01	45	8
1080	70	2023-05-25	45	8
1081	61	2023-05-12	46	1
1082	94	2023-06-02	46	1
1083	73	2023-12-25	46	1
1084	92	2023-05-27	46	2
1085	86	2023-03-18	46	2
1086	81	2023-07-12	46	2
1087	100	2023-08-27	46	3
1088	91	2023-08-13	46	3
1089	64	2023-09-06	46	3
1090	84	2023-10-19	46	4
1091	93	2023-09-27	46	4
1092	95	2023-03-18	46	4
1093	63	2023-06-06	46	5
1094	84	2023-01-07	46	5
1095	74	2023-11-03	46	5
1096	92	2023-05-16	46	6
1097	91	2023-10-10	46	6
1098	60	2023-04-07	46	6
1099	78	2023-12-18	46	7
1100	61	2023-08-04	46	7
1101	78	2023-11-14	46	7
1102	96	2023-06-10	46	8
1103	79	2023-04-21	46	8
1104	82	2023-04-25	46	8
1105	100	2023-02-25	47	1
1106	67	2023-02-18	47	1
1107	91	2023-05-24	47	1
1108	100	2023-03-13	47	2
1109	65	2023-04-22	47	2
1110	83	2023-12-23	47	2
1111	65	2023-12-05	47	3
1112	75	2023-11-21	47	3
1113	75	2023-01-23	47	3
1114	61	2023-06-11	47	4
1115	62	2023-02-25	47	4
1116	75	2023-10-14	47	4
1117	86	2023-12-17	47	5
1118	77	2023-12-20	47	5
1119	69	2023-02-22	47	5
1120	94	2023-07-12	47	6
1121	77	2023-06-16	47	6
1122	86	2023-03-02	47	6
1123	77	2023-07-04	47	7
1124	87	2023-06-23	47	7
1125	73	2023-09-26	47	7
1126	75	2023-09-10	47	8
1127	100	2023-11-08	47	8
1128	90	2023-01-21	47	8
1129	88	2023-05-17	48	1
1130	69	2023-09-06	48	1
1131	78	2023-07-08	48	1
1132	89	2023-07-21	48	2
1133	91	2023-03-16	48	2
1134	83	2023-06-02	48	2
1135	100	2023-02-25	48	3
1136	95	2023-11-07	48	3
1137	87	2023-03-11	48	3
1138	86	2023-12-03	48	4
1139	82	2023-06-25	48	4
1140	99	2023-03-24	48	4
1141	83	2023-04-03	48	5
1142	61	2023-09-21	48	5
1143	85	2023-01-13	48	5
1144	67	2023-06-16	48	6
1145	92	2023-10-01	48	6
1146	62	2023-05-23	48	6
1147	67	2023-09-20	48	7
1148	86	2023-10-25	48	7
1149	91	2023-06-23	48	7
1150	98	2023-03-09	48	8
1151	82	2023-10-27	48	8
1152	69	2023-12-15	48	8
1153	62	2023-12-09	49	1
1154	91	2023-07-20	49	1
1155	87	2023-02-21	49	1
1156	81	2023-10-27	49	2
1157	97	2023-07-23	49	2
1158	70	2023-01-08	49	2
1159	65	2023-10-12	49	3
1160	100	2023-02-23	49	3
1161	71	2023-05-04	49	3
1162	100	2023-01-21	49	4
1163	91	2023-08-27	49	4
1164	84	2023-07-22	49	4
1165	72	2023-12-17	49	5
1166	92	2023-10-07	49	5
1167	96	2023-08-14	49	5
1168	94	2023-02-04	49	6
1169	67	2023-11-16	49	6
1170	100	2023-06-13	49	6
1171	90	2023-10-12	49	7
1172	63	2023-03-06	49	7
1173	86	2023-01-14	49	7
1174	73	2023-07-14	49	8
1175	86	2023-07-11	49	8
1176	84	2023-09-17	49	8
1177	85	2023-04-20	50	1
1178	95	2023-01-09	50	1
1179	84	2023-09-11	50	1
1180	90	2023-09-22	50	2
1181	97	2023-03-05	50	2
1182	97	2023-11-27	50	2
1183	60	2023-10-04	50	3
1184	60	2023-04-24	50	3
1185	67	2023-10-18	50	3
1186	66	2023-03-15	50	4
1187	69	2023-02-10	50	4
1188	63	2023-07-22	50	4
1189	76	2023-07-10	50	5
1190	96	2023-07-03	50	5
1191	89	2023-02-27	50	5
1192	88	2023-08-18	50	6
1193	62	2023-02-14	50	6
1194	70	2023-01-11	50	6
1195	73	2023-03-10	50	7
1196	98	2023-12-04	50	7
1197	75	2023-09-01	50	7
1198	100	2023-06-14	50	8
1199	68	2023-03-23	50	8
1200	87	2023-12-26	50	8
\.


--
-- TOC entry 3388 (class 0 OID 24578)
-- Dependencies: 216
-- Data for Name: groups; Type: TABLE DATA; Schema: public; Owner: postgres
--

COPY public.groups (id, name) FROM stdin;
1	Group A
2	Group B
3	Group C
\.


--
-- TOC entry 3392 (class 0 OID 24592)
-- Dependencies: 220
-- Data for Name: students; Type: TABLE DATA; Schema: public; Owner: postgres
--

COPY public.students (id, fullname, group_id) FROM stdin;
1	Maria Morrow	1
2	Charles James	2
3	Robert Crosby	3
4	Michelle Rodriguez	1
5	Alexandra Holmes	3
6	David Howard	1
7	Cody Crawford	2
8	William Johnson	3
9	Mercedes Edwards	3
10	Robert Cooper	2
11	Shane Zuniga	1
12	Caitlin Weaver	1
13	Ryan Yang	1
14	David Hayes	2
15	Jeremiah Hubbard	2
16	Jennifer Rivera	3
17	Angela Waller	1
18	Becky Smith	1
19	Emily Petty	2
20	Xavier Jones	3
21	Amy Parrish	2
22	Jeffrey Tate	1
23	Megan Martin	3
24	Anthony Eaton	3
25	Brittany Mahoney	3
26	Luis Gonzales	2
27	Rachael Hanson	2
28	Erin Gilbert	1
29	Jonathan Smith	3
30	Sharon Williams	2
31	Laura Burke	3
32	Ashley Thornton	2
33	Morgan Jones	1
34	Elizabeth Manning	2
35	Beverly Hardin	2
36	Joseph Rios	2
37	Francisco Nguyen	3
38	Samuel Lee	2
39	Colton Lee	3
40	Melissa Cabrera	2
41	Christina Fry	2
42	Robin Spears	2
43	Emily Young	2
44	Alexander Ruiz	3
45	Natalie Daniels	2
46	Janice Davis	1
47	Mr. Jeffrey Adams MD	1
48	Rebecca Myers	1
49	Kimberly Huynh	2
50	Dylan Miller	1
\.


--
-- TOC entry 3394 (class 0 OID 24604)
-- Dependencies: 222
-- Data for Name: subjects; Type: TABLE DATA; Schema: public; Owner: postgres
--

COPY public.subjects (id, name, teacher_id) FROM stdin;
1	Mathematics	1
2	Physics	2
3	Chemistry	3
4	Biology	4
5	History	5
6	Geograph	6
7	Literature	7
8	Computer Science	8
\.


--
-- TOC entry 3390 (class 0 OID 24585)
-- Dependencies: 218
-- Data for Name: teachers; Type: TABLE DATA; Schema: public; Owner: postgres
--

COPY public.teachers (id, fullname) FROM stdin;
1	Kerry Stark
2	Jacqueline Keller
3	Jessica Brown
4	Tiffany Perez
5	Michael Pierce
6	Rachael Miles
7	Tara Saunders
8	Denise Warner
\.


--
-- TOC entry 3408 (class 0 OID 0)
-- Dependencies: 223
-- Name: grades_id_seq; Type: SEQUENCE SET; Schema: public; Owner: postgres
--

SELECT pg_catalog.setval('public.grades_id_seq', 1200, true);


--
-- TOC entry 3409 (class 0 OID 0)
-- Dependencies: 215
-- Name: groups_id_seq; Type: SEQUENCE SET; Schema: public; Owner: postgres
--

SELECT pg_catalog.setval('public.groups_id_seq', 5, true);


--
-- TOC entry 3410 (class 0 OID 0)
-- Dependencies: 219
-- Name: students_id_seq; Type: SEQUENCE SET; Schema: public; Owner: postgres
--

SELECT pg_catalog.setval('public.students_id_seq', 51, true);


--
-- TOC entry 3411 (class 0 OID 0)
-- Dependencies: 221
-- Name: subjects_id_seq; Type: SEQUENCE SET; Schema: public; Owner: postgres
--

SELECT pg_catalog.setval('public.subjects_id_seq', 9, true);


--
-- TOC entry 3412 (class 0 OID 0)
-- Dependencies: 217
-- Name: teachers_id_seq; Type: SEQUENCE SET; Schema: public; Owner: postgres
--

SELECT pg_catalog.setval('public.teachers_id_seq', 14, true);


--
-- TOC entry 3229 (class 2606 OID 16393)
-- Name: alembic_version alembic_version_pkc; Type: CONSTRAINT; Schema: public; Owner: postgres
--

ALTER TABLE ONLY public.alembic_version
    ADD CONSTRAINT alembic_version_pkc PRIMARY KEY (version_num);


--
-- TOC entry 3239 (class 2606 OID 24621)
-- Name: grades grades_pkey; Type: CONSTRAINT; Schema: public; Owner: postgres
--

ALTER TABLE ONLY public.grades
    ADD CONSTRAINT grades_pkey PRIMARY KEY (id);


--
-- TOC entry 3231 (class 2606 OID 24583)
-- Name: groups groups_pkey; Type: CONSTRAINT; Schema: public; Owner: postgres
--

ALTER TABLE ONLY public.groups
    ADD CONSTRAINT groups_pkey PRIMARY KEY (id);


--
-- TOC entry 3235 (class 2606 OID 24597)
-- Name: students students_pkey; Type: CONSTRAINT; Schema: public; Owner: postgres
--

ALTER TABLE ONLY public.students
    ADD CONSTRAINT students_pkey PRIMARY KEY (id);


--
-- TOC entry 3237 (class 2606 OID 24609)
-- Name: subjects subjects_pkey; Type: CONSTRAINT; Schema: public; Owner: postgres
--

ALTER TABLE ONLY public.subjects
    ADD CONSTRAINT subjects_pkey PRIMARY KEY (id);


--
-- TOC entry 3233 (class 2606 OID 24590)
-- Name: teachers teachers_pkey; Type: CONSTRAINT; Schema: public; Owner: postgres
--

ALTER TABLE ONLY public.teachers
    ADD CONSTRAINT teachers_pkey PRIMARY KEY (id);


--
-- TOC entry 3242 (class 2606 OID 24622)
-- Name: grades grades_student_id_fkey; Type: FK CONSTRAINT; Schema: public; Owner: postgres
--

ALTER TABLE ONLY public.grades
    ADD CONSTRAINT grades_student_id_fkey FOREIGN KEY (student_id) REFERENCES public.students(id) ON DELETE CASCADE;


--
-- TOC entry 3243 (class 2606 OID 24627)
-- Name: grades grades_subject_id_fkey; Type: FK CONSTRAINT; Schema: public; Owner: postgres
--

ALTER TABLE ONLY public.grades
    ADD CONSTRAINT grades_subject_id_fkey FOREIGN KEY (subject_id) REFERENCES public.subjects(id) ON DELETE CASCADE;


--
-- TOC entry 3240 (class 2606 OID 24598)
-- Name: students students_group_id_fkey; Type: FK CONSTRAINT; Schema: public; Owner: postgres
--

ALTER TABLE ONLY public.students
    ADD CONSTRAINT students_group_id_fkey FOREIGN KEY (group_id) REFERENCES public.groups(id) ON DELETE CASCADE;


--
-- TOC entry 3241 (class 2606 OID 24610)
-- Name: subjects subjects_teacher_id_fkey; Type: FK CONSTRAINT; Schema: public; Owner: postgres
--

ALTER TABLE ONLY public.subjects
    ADD CONSTRAINT subjects_teacher_id_fkey FOREIGN KEY (teacher_id) REFERENCES public.teachers(id) ON DELETE CASCADE;


-- Completed on 2024-02-19 17:33:01

--
-- PostgreSQL database dump complete
--

